<?xml version="1.0" encoding="UTF-8" standalone="yes"?>
<addon id="repository.iwog8703" name="PPKBRDK" version="0.1" provider-name="iwog8703">
	<extension point="xbmc.addon.repository" name="PPKBRDK">
		<dir>
            <info compressed="false">https://raw.githubusercontent.com/iwog8703/kodi_addons/main/zips/addons.xml</info>
            <checksum>https://raw.githubusercontent.com/iwog8703/kodi_addons/main/zips/addons.xml.md5</checksum>
            <datadir zip="true">https://raw.githubusercontent.com/iwog8703/kodi_addons/main/zips/</datadir>
        </dir>
	</extension>
	<extension point="xbmc.addon.metadata">
		<summary>PPKBRDK</summary>
		<description>Po prostu kolejne bezsensowne repo do kodi</description>
		<disclaimer>Uwaga! Dodatki w tym repozytorium nie są moje!</disclaimer>
		<platform>all</platform>
	</extension>
</addon>