<?xml version="1.0" encoding="UTF-8" standalone="yes" ?>
<addon id="plugin.video.orangetvgo" name="Orange TV Go" version="1.9" provider-name="mbebe,mtr81,spliner21">
    <requires>
        <import addon="script.module.requests" />
        <import addon="script.module.routing" />
        <import addon="script.module.iso8601" version="0.1.11" />
        <import addon="script.module.inputstreamhelper" version="0.3.3"/>
	<import addon="script.module.js2py" />
    </requires>
    <extension point="xbmc.python.pluginsource" library="main.py">
        <provides>video</provides>
    </extension>
    <extension point="xbmc.service" library="service_entry.py"/>
    <extension point="xbmc.addon.metadata">
        <description>Orange TV</description>
        <disclaimer></disclaimer>
        <summary>Orange TV</summary>
        <language>pl</language>
        <platform>all</platform>
        <license>GNU GENERAL PUBLIC LICENSE. Version 2, June 1991</license>
        <website></website>
        <assets>
            <icon>icon.png</icon>
            <fanart>fanart.jpg</fanart>
        </assets>
    </extension>
</addon>
